model,schedule,step,tolerance,nodes_found,nodes_right,records_exact
d2g,decay,10000,0,0.00,0.00,0.00
d2g,decay,10000,2,25.37,20.95,0.05
d2g,decay,10000,4,25.37,20.96,0.05
d2g,decay,10000,8,25.45,21.02,0.05
d2g,decay,20000,0,0.00,0.00,0.00
d2g,decay,20000,2,73.78,75.05,9.33
d2g,decay,20000,4,73.80,75.06,9.33
d2g,decay,20000,8,73.97,75.24,9.35
d2g,decay,30000,0,0.00,0.00,0.00
d2g,decay,30000,2,82.39,84.84,15.87
d2g,decay,30000,4,82.40,84.85,15.87
d2g,decay,30000,8,82.61,85.07,15.87
d2g,decay,40000,0,0.00,0.00,0.00
d2g,decay,40000,2,84.02,89.74,17.70
d2g,decay,40000,4,84.04,89.76,17.72
d2g,decay,40000,8,84.20,89.93,17.72
d2g,decay,50000,0,0.00,0.00,0.00
d2g,decay,50000,2,85.74,90.41,19.97
d2g,decay,50000,4,85.77,90.44,20.00
d2g,decay,50000,8,85.96,90.65,20.07
d2g,decay,60000,0,0.00,0.00,0.00
d2g,decay,60000,2,86.91,89.88,20.90
d2g,decay,60000,4,86.96,89.92,20.90
d2g,decay,60000,8,87.15,90.12,21.14
d2g,decay,70000,0,0.00,0.00,0.00
d2g,decay,70000,2,87.92,91.07,22.44
d2g,decay,70000,4,87.96,91.11,22.56
d2g,decay,70000,8,88.18,91.34,22.92
d2g,decay,80000,0,0.00,0.00,0.00
d2g,decay,80000,2,87.38,89.00,21.44
d2g,decay,80000,4,87.47,89.09,21.85
d2g,decay,80000,8,87.81,89.44,23.24
d2g,decay,90000,0,0.00,0.00,0.00
d2g,decay,90000,2,88.52,90.28,24.05
d2g,decay,90000,4,88.68,90.44,24.90
d2g,decay,90000,8,89.18,90.95,27.44
d2g,decay,100000,0,0.00,0.00,0.00
d2g,decay,100000,2,88.67,89.85,24.76
d2g,decay,100000,4,88.91,90.09,26.15
d2g,decay,100000,8,89.60,90.78,30.15
d2g,decay,110000,0,0.00,0.00,0.00
d2g,decay,110000,2,89.54,90.94,27.15
d2g,decay,110000,4,89.91,91.32,29.03
d2g,decay,110000,8,90.83,92.25,34.18
d2g,decay,120000,0,0.00,0.00,0.00
d2g,decay,120000,2,89.89,90.49,27.91
d2g,decay,120000,4,90.40,91.01,30.79
d2g,decay,120000,8,91.57,92.18,38.26
d2g,decay,130000,0,0.00,0.00,0.00
d2g,decay,130000,2,90.18,90.20,29.22
d2g,decay,130000,4,90.78,90.80,32.81
d2g,decay,130000,8,92.12,92.14,41.06
d2g,decay,140000,0,0.00,0.00,0.00
d2g,decay,140000,2,90.20,90.67,29.88
d2g,decay,140000,4,90.94,91.40,34.64
d2g,decay,140000,8,92.41,92.89,44.12
d2g,decay,150000,0,0.00,0.00,0.00
d2g,decay,150000,2,90.71,91.36,30.62
d2g,decay,150000,4,91.60,92.26,35.89
d2g,decay,150000,8,93.15,93.82,46.46
d2g,decay,160000,0,0.00,0.00,0.00
d2g,decay,160000,2,90.62,91.46,32.25
d2g,decay,160000,4,91.52,92.36,37.96
d2g,decay,160000,8,93.21,94.07,48.95
d2g,decay,170000,0,0.00,0.00,0.00
d2g,decay,170000,2,91.18,91.40,33.40
d2g,decay,170000,4,92.25,92.47,40.33
d2g,decay,170000,8,93.95,94.16,51.29
d2g,decay,180000,0,0.00,0.00,0.00
d2g,decay,180000,2,91.40,91.74,34.40
d2g,decay,180000,4,92.52,92.86,41.55
d2g,decay,180000,8,94.26,94.61,53.61
d2g,decay,190000,0,0.00,0.00,0.00
d2g,decay,190000,2,91.41,91.80,34.91
d2g,decay,190000,4,92.62,93.01,42.82
d2g,decay,190000,8,94.38,94.78,55.35
d2g,decay,200000,0,0.00,0.00,0.00
d2g,decay,200000,2,91.87,92.23,36.74
d2g,decay,200000,4,93.09,93.46,45.46
d2g,decay,200000,8,94.87,95.25,58.13
detr,decay,10000,0,0.00,0.00,0.00
detr,decay,10000,2,2.11,17.59,0.00
detr,decay,10000,4,5.74,47.74,0.00
detr,decay,10000,8,8.74,72.72,0.00
detr,decay,20000,0,0.00,0.00,0.00
detr,decay,20000,2,17.83,46.50,0.00
detr,decay,20000,4,32.33,84.29,0.00
detr,decay,20000,8,35.51,92.60,0.00
detr,decay,30000,0,0.00,0.00,0.00
detr,decay,30000,2,89.00,89.20,28.81
detr,decay,30000,4,95.77,95.99,51.68
detr,decay,30000,8,96.91,97.13,56.25
detr,decay,40000,0,0.00,0.00,0.00
detr,decay,40000,2,85.03,84.75,17.41
detr,decay,40000,4,95.12,94.82,45.83
detr,decay,40000,8,96.43,96.12,50.15
detr,decay,50000,0,0.00,0.00,0.00
detr,decay,50000,2,73.25,75.03,6.13
detr,decay,50000,4,89.07,91.23,28.71
detr,decay,50000,8,92.39,94.63,36.40
detr,decay,60000,0,0.00,0.00,0.00
detr,decay,60000,2,85.06,87.80,20.17
detr,decay,60000,4,92.44,95.42,40.94
detr,decay,60000,8,93.74,96.76,44.90
detr,decay,70000,0,0.00,0.00,0.00
detr,decay,70000,2,88.43,88.27,24.46
detr,decay,70000,4,94.29,94.12,40.92
detr,decay,70000,8,95.66,95.49,45.85
detr,decay,80000,0,0.00,0.00,0.00
detr,decay,80000,2,91.54,90.77,32.50
detr,decay,80000,4,95.66,94.86,46.09
detr,decay,80000,8,96.69,95.88,50.46
detr,decay,90000,0,0.00,0.00,0.00
detr,decay,90000,2,87.45,88.04,21.44
detr,decay,90000,4,92.41,93.03,32.30
detr,decay,90000,8,94.09,94.72,37.48
detr,decay,100000,0,0.00,0.00,0.00
detr,decay,100000,2,90.63,91.28,29.88
detr,decay,100000,4,94.51,95.18,42.21
detr,decay,100000,8,95.47,96.15,45.58
detr,decay,110000,0,0.00,0.00,0.00
detr,decay,110000,2,92.12,92.35,37.06
detr,decay,110000,4,95.32,95.55,49.66
detr,decay,110000,8,96.35,96.58,54.15
detr,decay,120000,0,0.00,0.00,0.00
detr,decay,120000,2,93.69,94.01,44.97
detr,decay,120000,4,96.16,96.49,55.20
detr,decay,120000,8,96.90,97.23,58.54
detr,decay,130000,0,0.00,0.00,0.00
detr,decay,130000,2,94.44,95.14,48.12
detr,decay,130000,4,96.21,96.92,56.62
detr,decay,130000,8,96.81,97.52,59.42
detr,decay,140000,0,0.00,0.00,0.00
detr,decay,140000,2,95.14,96.27,55.08
detr,decay,140000,4,96.57,97.72,62.33
detr,decay,140000,8,97.09,98.25,65.09
detr,decay,150000,0,0.00,0.00,0.00
detr,decay,150000,2,95.28,95.65,54.44
detr,decay,150000,4,96.86,97.23,62.30
detr,decay,150000,8,97.48,97.85,65.53
detr,decay,160000,0,0.00,0.00,0.00
detr,decay,160000,2,96.02,96.13,59.18
detr,decay,160000,4,97.40,97.52,66.33
detr,decay,160000,8,97.92,98.03,69.46
detr,decay,170000,0,0.00,0.00,0.00
detr,decay,170000,2,95.94,96.62,58.33
detr,decay,170000,4,97.13,97.82,64.62
detr,decay,170000,8,97.56,98.25,67.19
detr,decay,180000,0,0.00,0.00,0.00
detr,decay,180000,2,96.39,96.91,62.23
detr,decay,180000,4,97.51,98.03,68.65
detr,decay,180000,8,97.93,98.45,71.12
detr,decay,190000,0,0.00,0.00,0.00
detr,decay,190000,2,96.16,96.14,59.52
detr,decay,190000,4,97.52,97.50,66.50
detr,decay,190000,8,98.02,98.00,69.21
detr,decay,200000,0,0.00,0.00,0.00
detr,decay,200000,2,96.56,96.39,61.30
detr,decay,200000,4,97.81,97.64,67.70
detr,decay,200000,8,98.23,98.06,70.19
detr,constant,10000,0,0.00,0.00,0.00
detr,constant,10000,2,2.67,11.64,0.00
detr,constant,10000,4,9.56,41.62,0.00
detr,constant,10000,8,16.84,73.33,0.00
detr,constant,20000,0,0.00,0.00,0.00
detr,constant,20000,2,29.73,59.21,0.00
detr,constant,20000,4,43.13,85.90,0.00
detr,constant,20000,8,45.70,91.01,0.00
detr,constant,30000,0,0.00,0.00,0.00
detr,constant,30000,2,85.01,88.06,21.85
detr,constant,30000,4,92.91,96.24,42.97
detr,constant,30000,8,94.00,97.38,46.41
detr,constant,40000,0,0.00,0.00,0.00
detr,constant,40000,2,82.89,86.01,16.04
detr,constant,40000,4,91.33,94.76,33.76
detr,constant,40000,8,92.65,96.13,37.18
detr,constant,50000,0,0.00,0.00,0.00
detr,constant,50000,2,83.27,84.14,14.28
detr,constant,50000,4,92.29,93.26,36.47
detr,constant,50000,8,93.99,94.98,41.24
detr,constant,60000,0,0.00,0.00,0.00
detr,constant,60000,2,80.94,83.63,12.08
detr,constant,60000,4,90.23,93.24,28.56
detr,constant,60000,8,91.76,94.82,31.93
detr,constant,70000,0,0.00,0.00,0.00
detr,constant,70000,2,89.00,89.47,26.03
detr,constant,70000,4,93.79,94.28,39.01
detr,constant,70000,8,95.01,95.50,42.36
detr,constant,80000,0,0.00,0.00,0.00
detr,constant,80000,2,88.91,87.53,23.05
detr,constant,80000,4,95.45,93.97,42.21
detr,constant,80000,8,96.48,94.98,45.70
detr,constant,90000,0,0.00,0.00,0.00
detr,constant,90000,2,90.00,91.28,32.37
detr,constant,90000,4,94.50,95.85,47.05
detr,constant,90000,8,95.40,96.76,50.54
detr,constant,100000,0,0.00,0.00,0.00
detr,constant,100000,2,88.68,89.50,25.49
detr,constant,100000,4,92.91,93.77,36.45
detr,constant,100000,8,94.02,94.88,39.09
detr,constant,110000,0,0.00,0.00,0.00
detr,constant,110000,2,89.56,89.53,28.30
detr,constant,110000,4,93.48,93.44,38.23
detr,constant,110000,8,94.55,94.51,40.87
detr,constant,120000,0,0.00,0.00,0.00
detr,constant,120000,2,89.53,90.33,26.78
detr,constant,120000,4,94.33,95.17,41.33
detr,constant,120000,8,95.10,95.95,43.95
detr,constant,130000,0,0.00,0.00,0.00
detr,constant,130000,2,92.42,93.12,37.52
detr,constant,130000,4,95.05,95.77,46.78
detr,constant,130000,8,95.67,96.39,48.63
detr,constant,140000,0,0.00,0.00,0.00
detr,constant,140000,2,90.92,91.80,32.52
detr,constant,140000,4,93.96,94.86,41.24
detr,constant,140000,8,94.77,95.68,43.26
detr,constant,150000,0,0.00,0.00,0.00
detr,constant,150000,2,92.13,92.32,37.23
detr,constant,150000,4,95.48,95.67,48.61
detr,constant,150000,8,96.15,96.35,51.05
detr,constant,160000,0,0.00,0.00,0.00
detr,constant,160000,2,86.41,88.70,26.86
detr,constant,160000,4,90.93,93.34,36.99
detr,constant,160000,8,92.46,94.91,40.55
detr,constant,170000,0,0.00,0.00,0.00
detr,constant,170000,2,0.00,0.00,0.00
detr,constant,170000,4,0.00,0.00,0.00
detr,constant,170000,8,0.00,0.00,0.00
detr,constant,180000,0,0.00,0.00,0.00
detr,constant,180000,2,89.77,91.25,30.10
detr,constant,180000,4,93.37,94.91,40.92
detr,constant,180000,8,94.25,95.81,43.38
detr,constant,190000,0,0.00,0.00,0.00
detr,constant,190000,2,92.85,93.98,39.75
detr,constant,190000,4,94.89,96.06,46.53
detr,constant,190000,8,95.48,96.64,48.51
detr,constant,200000,0,0.00,0.00,0.00
detr,constant,200000,2,92.90,93.74,41.87
detr,constant,200000,4,95.08,95.94,49.51
detr,constant,200000,8,95.76,96.63,51.76
d2g,constant,10000,0,0.00,0.00,0.00
d2g,constant,10000,2,23.40,22.10,0.05
d2g,constant,10000,4,23.41,22.10,0.05
d2g,constant,10000,8,23.46,22.16,0.05
d2g,constant,20000,0,0.00,0.00,0.00
d2g,constant,20000,2,72.84,74.41,9.91
d2g,constant,20000,4,72.85,74.42,9.91
d2g,constant,20000,8,73.02,74.59,9.94
d2g,constant,30000,0,0.00,0.00,0.00
d2g,constant,30000,2,79.30,83.49,13.33
d2g,constant,30000,4,79.31,83.50,13.33
d2g,constant,30000,8,79.46,83.66,13.35
d2g,constant,40000,0,0.00,0.00,0.00
d2g,constant,40000,2,83.05,89.76,16.36
d2g,constant,40000,4,83.06,89.76,16.36
d2g,constant,40000,8,83.22,89.94,16.38
d2g,constant,50000,0,0.00,0.00,0.00
d2g,constant,50000,2,84.35,87.72,17.04
d2g,constant,50000,4,84.37,87.73,17.04
d2g,constant,50000,8,84.55,87.92,17.09
d2g,constant,60000,0,0.00,0.00,0.00
d2g,constant,60000,2,85.56,89.62,18.80
d2g,constant,60000,4,85.60,89.66,18.82
d2g,constant,60000,8,85.83,89.89,19.04
d2g,constant,70000,0,0.00,0.00,0.00
d2g,constant,70000,2,86.63,90.22,19.58
d2g,constant,70000,4,86.65,90.24,19.58
d2g,constant,70000,8,86.86,90.46,19.82
d2g,constant,80000,0,0.00,0.00,0.00
d2g,constant,80000,2,86.05,87.58,19.80
d2g,constant,80000,4,86.12,87.65,20.00
d2g,constant,80000,8,86.43,87.96,20.78
d2g,constant,90000,0,0.00,0.00,0.00
d2g,constant,90000,2,86.83,90.10,21.92
d2g,constant,90000,4,86.94,90.21,22.34
d2g,constant,90000,8,87.28,90.56,23.34
d2g,constant,100000,0,0.00,0.00,0.00
d2g,constant,100000,2,87.52,90.49,22.14
d2g,constant,100000,4,87.67,90.64,22.88
d2g,constant,100000,8,88.18,91.16,24.90
d2g,constant,110000,0,0.00,0.00,0.00
d2g,constant,110000,2,86.80,89.68,22.44
d2g,constant,110000,4,87.07,89.95,23.66
d2g,constant,110000,8,87.66,90.56,26.25
d2g,constant,120000,0,0.00,0.00,0.00
d2g,constant,120000,2,88.44,90.09,24.73
d2g,constant,120000,4,88.80,90.46,26.46
d2g,constant,120000,8,89.66,91.33,30.69
d2g,constant,130000,0,0.00,0.00,0.00
d2g,constant,130000,2,88.92,91.58,25.76
d2g,constant,130000,4,89.41,92.09,28.22
d2g,constant,130000,8,90.29,92.99,32.62
d2g,constant,140000,0,0.00,0.00,0.00
d2g,constant,140000,2,89.04,90.71,26.88
d2g,constant,140000,4,89.55,91.22,29.86
d2g,constant,140000,8,90.65,92.34,35.94
d2g,constant,150000,0,0.00,0.00,0.00
d2g,constant,150000,2,89.16,89.91,27.93
d2g,constant,150000,4,89.78,90.53,31.05
d2g,constant,150000,8,91.14,91.91,38.84
d2g,constant,160000,0,0.00,0.00,0.00
d2g,constant,160000,2,90.08,90.23,30.32
d2g,constant,160000,4,90.99,91.14,35.45
d2g,constant,160000,8,92.58,92.73,44.34
d2g,constant,170000,0,0.00,0.00,0.00
d2g,constant,170000,2,89.90,89.69,30.15
d2g,constant,170000,4,90.85,90.63,35.25
d2g,constant,170000,8,92.41,92.19,44.43
d2g,constant,180000,0,0.00,0.00,0.00
d2g,constant,180000,2,89.73,90.65,30.44
d2g,constant,180000,4,90.69,91.62,35.89
d2g,constant,180000,8,92.17,93.12,44.92
d2g,constant,190000,0,0.00,0.00,0.00
d2g,constant,190000,2,90.00,90.02,31.91
d2g,constant,190000,4,91.13,91.15,38.40
d2g,constant,190000,8,92.65,92.67,46.73
d2g,constant,200000,0,0.00,0.00,0.00
d2g,constant,200000,2,90.82,91.21,33.72
d2g,constant,200000,4,92.05,92.45,40.70
d2g,constant,200000,8,93.69,94.09,51.10
